id,customer_message,intent,expected_decision,reason,historical_evidence,baseline1_pred,baseline2_pred,baseline2_confidence,baseline2_correct
GOLD_001,@AmazonHelp My order #402-91823 was supposed to be delivered yesterday by 8pm but tracking says 'Delayed in transit'. When can I expect it?,DELIVERY_TRACKING,AUTO_HANDLE,Standard shipping delay query; can be resolved via automated tracking lookup and revised ETA.,AmazonHelp typically provides tracking links and advises waiting 24-48 hours past the original ETA before escalating.,DELIVERY_TRACKING,DELIVERY_TRACKING,0.3241,True
GOLD_002,"@AmazonHelp The tracking says 'Delivered to resident' at 2 PM today, but I was home and no package arrived. It's not in the porch or with neighbors.",DELIVERY_TRACKING,ESCALATE_HUMAN,"Package marked delivered but missing (potential theft, wrong address delivery, or carrier error) requires investigation and possible re-dispatch/refund.",Agents ask customer to verify safe places and then initiate a carrier investigation via DM.,DELIVERY_TRACKING,DELIVERY_TRACKING,0.2443,True
GOLD_003,@AmazonHelp Why has my parcel been stuck at the sorting facility in Birmingham for 4 days without any update?,DELIVERY_TRACKING,AUTO_HANDLE,Tracking status inquiry without carrier misdelivery; automated system can provide live carrier status and carrier contact info.,Automated response directs customer to tracking portal with carrier contact information.,DELIVERY_TRACKING,CANCELLATION_MODIFICATION,0.1827,False
GOLD_004,@AmazonHelp The delivery driver literally threw my box over the gate and drove off. It made a loud crash!,DELIVERY_TRACKING,ESCALATE_HUMAN,Driver misconduct / mishandling complaint requires human agent logging and dispatch feedback.,AmazonHelp requests specific order and delivery time details to file a carrier incident report.,DELIVERY_TRACKING,DELIVERY_TRACKING,0.1668,True
GOLD_005,@AmazonHelp Can you tell me which courier is delivering my order #112-883719? The tracking number isn't recognized on Hermes.,DELIVERY_TRACKING,AUTO_HANDLE,Factual courier identification request; automated response can identify carrier and correct tracking portal.,Provides correct courier URL and tracking format guidance.,DELIVERY_TRACKING,DELIVERY_TRACKING,0.4133,True
GOLD_006,"@AmazonHelp Ordered with Guaranteed One-Day Delivery for an event today, but it is now rescheduled for Monday. This is unacceptable.",DELIVERY_TRACKING,ESCALATE_HUMAN,Missed guaranteed delivery SLA causing customer distress; requires human agent to issue shipping fee refund or promotional credit.,Support agents refund the delivery surcharge and offer goodwill compensation.,DELIVERY_TRACKING,DELIVERY_TRACKING,0.1747,True
GOLD_007,@AmazonHelp I received the wrong item in my package today. I ordered a blue size M shirt and got a red size XL jacket.,RETURNS_REFUNDS,AUTO_HANDLE,Wrong item delivered; standard return/replacement self-service workflow available in Orders page.,Directs customer to 'Your Orders' > 'Return or Replace Items' to generate a prepaid label.,DELIVERY_TRACKING,RETURNS_REFUNDS,0.2413,True
GOLD_008,"@AmazonHelp Returned my laptop 18 days ago, tracking shows it reached your warehouse on the 3rd, but my £1,200 refund is still not credited.",RETURNS_REFUNDS,ESCALATE_HUMAN,High-value return refund overdue beyond standard SLA (14 days); requires manual accounting check and bank tracing.,Escalated to billing/returns specialist team via secure DM.,DELIVERY_TRACKING,DELIVERY_TRACKING,0.2416,False
GOLD_009,@AmazonHelp The ceramic plates I ordered arrived completely shattered in pieces inside the box. How do I get a replacement?,RETURNS_REFUNDS,AUTO_HANDLE,Damaged goods replacement request; can be handled by standard damage replacement workflow.,Directs customer to the Returns Center with options to attach photos for instant replacement dispatch.,DELIVERY_TRACKING,RETURNS_REFUNDS,0.1757,True
GOLD_010,@AmazonHelp Third-party seller 'TechSuperStore' is refusing my return request even though the item arrived defective within 30 days.,RETURNS_REFUNDS,ESCALATE_HUMAN,Third-party marketplace dispute requiring Amazon A-to-z Guarantee claim filing and human agent intervention.,Guide customer through A-to-z Guarantee claim and manually contact marketplace seller.,DELIVERY_TRACKING,RETURNS_REFUNDS,0.3279,True
GOLD_011,@AmazonHelp I placed an order 10 minutes ago but realized I entered my old apartment address. Can I change the shipping address?,CANCELLATION_MODIFICATION,AUTO_HANDLE,Recent order in 'Not yet dispatched' state; standard address update workflow available in order settings.,Instructs customer how to edit the delivery address in 'Your Orders' before dispatch begins.,DELIVERY_TRACKING,CANCELLATION_MODIFICATION,0.5439,True
GOLD_012,@AmazonHelp Please cancel order #902-11822 immediately. I don't want it anymore and it was already charged.,CANCELLATION_MODIFICATION,AUTO_HANDLE,Order cancellation request; automated system can check dispatch status and trigger cancellation or refusal instructions.,Directs user to cancel button or advises refusing delivery if already dispatched.,DELIVERY_TRACKING,CANCELLATION_MODIFICATION,0.2397,True
GOLD_013,@AmazonHelp My order has already shipped to an address 300 miles away that I haven't lived at in 3 years. The courier won't let me reroute it!,CANCELLATION_MODIFICATION,ESCALATE_HUMAN,Post-dispatch address rerouting failure; requires human agent to contact carrier dispatch for package intercept/return to sender.,Agent contacts logistics partner to issue a package recall.,DELIVERY_TRACKING,CANCELLATION_MODIFICATION,0.2881,True
GOLD_014,@AmazonHelp I noticed two separate charges of $49.99 on my credit card statement for the single order I made on Friday. Please fix this duplicate charge.,PAYMENT_BILLING,ESCALATE_HUMAN,Duplicate financial transaction requires secure verification and payment ledger audit to release authorization hold.,Requests customer to verify billing details securely and reviews authorization holds vs captured charges.,DELIVERY_TRACKING,PAYMENT_BILLING,0.3383,True
GOLD_015,@AmazonHelp Where can I download the VAT tax invoice for my business purchase order #302-881920?,PAYMENT_BILLING,AUTO_HANDLE,Standard invoice retrieval request; self-service download link can be provided automatically.,Provides direct path: 'Your Orders' > 'Invoice / Order Details' > 'Download VAT Invoice'.,DELIVERY_TRACKING,PAYMENT_BILLING,0.2437,True
GOLD_016,@AmazonHelp My gift card balance of $100 is not applying at checkout. It says 'Gift card already redeemed' but I never used it!,PAYMENT_BILLING,ESCALATE_HUMAN,Potential gift card fraud / redemption conflict requires human agent to check claim code redemption history.,Directs customer to secure support channel to review gift card redemption timestamps.,DELIVERY_TRACKING,PAYMENT_BILLING,0.5157,True
GOLD_017,"@AmazonHelp I was charged £79 for an annual Amazon Prime renewal today, but I didn't want to renew. Can I cancel and get a full refund?",SUBSCRIPTION_PRIME,AUTO_HANDLE,"Standard Prime auto-renewal cancellation; if no Prime benefits were used since renewal, the automated system issues an automatic refund upon cancellation.",Guides user to 'Manage Prime Membership' > 'End Membership and Benefits' where full refund is calculated.,DELIVERY_TRACKING,SUBSCRIPTION_PRIME,0.2335,True
GOLD_018,@AmazonHelp Getting error code 5004 on Prime Video whenever I try to stream on my Samsung Smart TV.,SUBSCRIPTION_PRIME,AUTO_HANDLE,"Known digital streaming playback error; standard troubleshooting steps (clear app cache, re-register device, check network) apply.",Provides step-by-step device de-registration and app reset instructions.,DELIVERY_TRACKING,SUBSCRIPTION_PRIME,0.474,True
GOLD_019,@AmazonHelp I am being charged monthly for Prime Video on a student account that was supposed to have 6 months free trial.,SUBSCRIPTION_PRIME,ESCALATE_HUMAN,Student verification / promotional billing discrepancy requires agent to verify academic enrollment proof and credit the account.,Agent checks Prime Student validation status and refunds charged months.,DELIVERY_TRACKING,SUBSCRIPTION_PRIME,0.3803,True
GOLD_020,"@AmazonHelp I just received an email saying my account password and email were changed, but I did not request this! I am locked out.",ACCOUNT_SECURITY,ESCALATE_HUMAN,CRITICAL: Severe account takeover / breach in progress. Immediate human security team escalation required to freeze account.,Emergency protocol: Agent immediately initiates security lock and provides account recovery link via phone/2FA verification.,DELIVERY_TRACKING,ACCOUNT_SECURITY,0.4453,True
GOLD_021,@AmazonHelp I am not receiving the Two-Factor Authentication (OTP) text on my phone to log in to my account. The number is correct.,ACCOUNT_SECURITY,ESCALATE_HUMAN,2FA lockout preventing customer access; requires human identity verification to assist with backup 2FA recovery.,Directs customer to Two-Step Verification Account Recovery with government ID submission.,DELIVERY_TRACKING,ACCOUNT_SECURITY,0.371,True
GOLD_022,@AmazonHelp How do I change my account password and update my default email address?,ACCOUNT_SECURITY,AUTO_HANDLE,General security self-service inquiry; standard navigation steps can be automatically provided.,Directs customer to 'Your Account' > 'Login & Security' > 'Edit Password'.,DELIVERY_TRACKING,CANCELLATION_MODIFICATION,0.3911,False
GOLD_023,@AmazonHelp When will the Sony PlayStation 5 Digital Edition be back in stock for the UK store?,PRODUCT_INQUIRY,AUTO_HANDLE,Product availability inquiry; automated response can advise setting up stock alerts or checking seller listings.,Advises customer to add item to Wishlist to receive automated stock notifications.,DELIVERY_TRACKING,PRODUCT_INQUIRY,0.211,True
GOLD_024,@AmazonHelp Is this lightning cable sold by 'DirectDeals' covered by official Apple 1-year warranty or seller warranty only?,PRODUCT_INQUIRY,AUTO_HANDLE,Product specification and warranty scope inquiry; standard policy can be provided.,Explains difference between Fulfilled by Amazon vs third-party merchant warranties.,DELIVERY_TRACKING,PRODUCT_INQUIRY,0.448,True
GOLD_025,@AmazonHelp Just wanted to say huge thank you to agent Sarah on live chat who sorted out my lost parcel within 5 minutes! Incredible customer service.,FEEDBACK_CHITCHAT,AUTO_HANDLE,Complimentary feedback; automated warm acknowledgement without support ticket creation.,AmazonHelp replies with a polite thank-you message acknowledging positive feedback.,DELIVERY_TRACKING,FEEDBACK_CHITCHAT,0.2661,True
GOLD_026,@AmazonHelp You are hands down the worst company on planet Earth. Completely useless robots and terrible app.,FEEDBACK_CHITCHAT,AUTO_HANDLE,Emotional brand rant without actionable order number or issue description; automated polite de-escalation response.,Politely apologizes for the frustration and invites the customer to reach out with specific issue details if they need help.,DELIVERY_TRACKING,FEEDBACK_CHITCHAT,0.3558,True
GOLD_027,@AmazonHelp My package #737-8598459 is still not delivered even though tracking showed out for delivery at 9am.,DELIVERY_TRACKING,AUTO_HANDLE,Delayed package inquiry; resolved via tracking portal link and ETA check.,Standard historical resolution for DELIVERY_TRACKING documented in Amazon Help policies.,DELIVERY_TRACKING,DELIVERY_TRACKING,0.2645,True
GOLD_028,@AmazonHelp Carrier left my package #969-5304593 outside in the rain and the contents are ruined!,DELIVERY_TRACKING,ESCALATE_HUMAN,Damaged goods due to courier negligence; requires replacement dispatch and courier complaint.,Standard historical resolution for DELIVERY_TRACKING documented in Amazon Help policies.,DELIVERY_TRACKING,DELIVERY_TRACKING,0.2691,True
GOLD_029,@AmazonHelp Tracking number #360-2261637 says invalid tracking ID on Royal Mail website.,DELIVERY_TRACKING,AUTO_HANDLE,Tracking lookup issue; provide correct carrier URL and tracking format guidance.,Standard historical resolution for DELIVERY_TRACKING documented in Amazon Help policies.,DELIVERY_TRACKING,DELIVERY_TRACKING,0.2988,True
GOLD_030,@AmazonHelp I was told my package #874-1688854 would arrive by 1pm today for my daughter's birthday and it's 5pm with no update.,DELIVERY_TRACKING,AUTO_HANDLE,Delivery status check; provide current tracking status and delivery window.,Standard historical resolution for DELIVERY_TRACKING documented in Amazon Help policies.,DELIVERY_TRACKING,DELIVERY_TRACKING,0.1655,True
GOLD_031,@AmazonHelp The delivery person marked order #471-2781813 as 'Handed to resident' but nobody was at home.,DELIVERY_TRACKING,ESCALATE_HUMAN,False delivery confirmation; requires immediate carrier investigation for lost package.,Standard historical resolution for DELIVERY_TRACKING documented in Amazon Help policies.,DELIVERY_TRACKING,DELIVERY_TRACKING,0.1672,True
GOLD_032,@AmazonHelp My package #385-3690136 is still not delivered even though tracking showed out for delivery at 9am.,DELIVERY_TRACKING,AUTO_HANDLE,Delayed package inquiry; resolved via tracking portal link and ETA check.,Standard historical resolution for DELIVERY_TRACKING documented in Amazon Help policies.,DELIVERY_TRACKING,DELIVERY_TRACKING,0.2645,True
GOLD_033,@AmazonHelp Carrier left my package #417-3315638 outside in the rain and the contents are ruined!,DELIVERY_TRACKING,ESCALATE_HUMAN,Damaged goods due to courier negligence; requires replacement dispatch and courier complaint.,Standard historical resolution for DELIVERY_TRACKING documented in Amazon Help policies.,DELIVERY_TRACKING,DELIVERY_TRACKING,0.2691,True
GOLD_034,@AmazonHelp Tracking number #776-1558914 says invalid tracking ID on Royal Mail website.,DELIVERY_TRACKING,AUTO_HANDLE,Tracking lookup issue; provide correct carrier URL and tracking format guidance.,Standard historical resolution for DELIVERY_TRACKING documented in Amazon Help policies.,DELIVERY_TRACKING,DELIVERY_TRACKING,0.2988,True
GOLD_035,@AmazonHelp I was told my package #815-1750132 would arrive by 1pm today for my daughter's birthday and it's 5pm with no update.,DELIVERY_TRACKING,AUTO_HANDLE,Delivery status check; provide current tracking status and delivery window.,Standard historical resolution for DELIVERY_TRACKING documented in Amazon Help policies.,DELIVERY_TRACKING,DELIVERY_TRACKING,0.1655,True
GOLD_036,@AmazonHelp The delivery person marked order #453-1352936 as 'Handed to resident' but nobody was at home.,DELIVERY_TRACKING,ESCALATE_HUMAN,False delivery confirmation; requires immediate carrier investigation for lost package.,Standard historical resolution for DELIVERY_TRACKING documented in Amazon Help policies.,DELIVERY_TRACKING,DELIVERY_TRACKING,0.1672,True
GOLD_037,@AmazonHelp My package #473-8911879 is still not delivered even though tracking showed out for delivery at 9am.,DELIVERY_TRACKING,AUTO_HANDLE,Delayed package inquiry; resolved via tracking portal link and ETA check.,Standard historical resolution for DELIVERY_TRACKING documented in Amazon Help policies.,DELIVERY_TRACKING,DELIVERY_TRACKING,0.2645,True
GOLD_038,@AmazonHelp Carrier left my package #739-2432165 outside in the rain and the contents are ruined!,DELIVERY_TRACKING,ESCALATE_HUMAN,Damaged goods due to courier negligence; requires replacement dispatch and courier complaint.,Standard historical resolution for DELIVERY_TRACKING documented in Amazon Help policies.,DELIVERY_TRACKING,DELIVERY_TRACKING,0.2691,True
GOLD_039,@AmazonHelp Tracking number #796-3422100 says invalid tracking ID on Royal Mail website.,DELIVERY_TRACKING,AUTO_HANDLE,Tracking lookup issue; provide correct carrier URL and tracking format guidance.,Standard historical resolution for DELIVERY_TRACKING documented in Amazon Help policies.,DELIVERY_TRACKING,DELIVERY_TRACKING,0.2988,True
GOLD_040,@AmazonHelp I was told my package #816-4095550 would arrive by 1pm today for my daughter's birthday and it's 5pm with no update.,DELIVERY_TRACKING,AUTO_HANDLE,Delivery status check; provide current tracking status and delivery window.,Standard historical resolution for DELIVERY_TRACKING documented in Amazon Help policies.,DELIVERY_TRACKING,DELIVERY_TRACKING,0.1655,True
GOLD_041,@AmazonHelp The delivery person marked order #272-9353613 as 'Handed to resident' but nobody was at home.,DELIVERY_TRACKING,ESCALATE_HUMAN,False delivery confirmation; requires immediate carrier investigation for lost package.,Standard historical resolution for DELIVERY_TRACKING documented in Amazon Help policies.,DELIVERY_TRACKING,DELIVERY_TRACKING,0.1672,True
GOLD_042,@AmazonHelp My package #756-2100111 is still not delivered even though tracking showed out for delivery at 9am.,DELIVERY_TRACKING,AUTO_HANDLE,Delayed package inquiry; resolved via tracking portal link and ETA check.,Standard historical resolution for DELIVERY_TRACKING documented in Amazon Help policies.,DELIVERY_TRACKING,DELIVERY_TRACKING,0.2645,True
GOLD_043,@AmazonHelp Carrier left my package #828-9398304 outside in the rain and the contents are ruined!,DELIVERY_TRACKING,ESCALATE_HUMAN,Damaged goods due to courier negligence; requires replacement dispatch and courier complaint.,Standard historical resolution for DELIVERY_TRACKING documented in Amazon Help policies.,DELIVERY_TRACKING,DELIVERY_TRACKING,0.2691,True
GOLD_044,@AmazonHelp Tracking number #939-5579040 says invalid tracking ID on Royal Mail website.,DELIVERY_TRACKING,AUTO_HANDLE,Tracking lookup issue; provide correct carrier URL and tracking format guidance.,Standard historical resolution for DELIVERY_TRACKING documented in Amazon Help policies.,DELIVERY_TRACKING,DELIVERY_TRACKING,0.2988,True
GOLD_045,@AmazonHelp I was told my package #324-1022962 would arrive by 1pm today for my daughter's birthday and it's 5pm with no update.,DELIVERY_TRACKING,AUTO_HANDLE,Delivery status check; provide current tracking status and delivery window.,Standard historical resolution for DELIVERY_TRACKING documented in Amazon Help policies.,DELIVERY_TRACKING,DELIVERY_TRACKING,0.1655,True
GOLD_046,@AmazonHelp The delivery person marked order #517-5739247 as 'Handed to resident' but nobody was at home.,DELIVERY_TRACKING,ESCALATE_HUMAN,False delivery confirmation; requires immediate carrier investigation for lost package.,Standard historical resolution for DELIVERY_TRACKING documented in Amazon Help policies.,DELIVERY_TRACKING,DELIVERY_TRACKING,0.1672,True
GOLD_047,@AmazonHelp My package #703-7089526 is still not delivered even though tracking showed out for delivery at 9am.,DELIVERY_TRACKING,AUTO_HANDLE,Delayed package inquiry; resolved via tracking portal link and ETA check.,Standard historical resolution for DELIVERY_TRACKING documented in Amazon Help policies.,DELIVERY_TRACKING,DELIVERY_TRACKING,0.2645,True
GOLD_048,@AmazonHelp Carrier left my package #846-6735222 outside in the rain and the contents are ruined!,DELIVERY_TRACKING,ESCALATE_HUMAN,Damaged goods due to courier negligence; requires replacement dispatch and courier complaint.,Standard historical resolution for DELIVERY_TRACKING documented in Amazon Help policies.,DELIVERY_TRACKING,DELIVERY_TRACKING,0.2691,True
GOLD_049,@AmazonHelp Tracking number #250-8776888 says invalid tracking ID on Royal Mail website.,DELIVERY_TRACKING,AUTO_HANDLE,Tracking lookup issue; provide correct carrier URL and tracking format guidance.,Standard historical resolution for DELIVERY_TRACKING documented in Amazon Help policies.,DELIVERY_TRACKING,DELIVERY_TRACKING,0.2988,True
GOLD_050,@AmazonHelp I was told my package #418-8606100 would arrive by 1pm today for my daughter's birthday and it's 5pm with no update.,DELIVERY_TRACKING,AUTO_HANDLE,Delivery status check; provide current tracking status and delivery window.,Standard historical resolution for DELIVERY_TRACKING documented in Amazon Help policies.,DELIVERY_TRACKING,DELIVERY_TRACKING,0.1655,True
GOLD_051,@AmazonHelp The delivery person marked order #847-2347631 as 'Handed to resident' but nobody was at home.,DELIVERY_TRACKING,ESCALATE_HUMAN,False delivery confirmation; requires immediate carrier investigation for lost package.,Standard historical resolution for DELIVERY_TRACKING documented in Amazon Help policies.,DELIVERY_TRACKING,DELIVERY_TRACKING,0.1672,True
GOLD_052,@AmazonHelp My package #750-4560356 is still not delivered even though tracking showed out for delivery at 9am.,DELIVERY_TRACKING,AUTO_HANDLE,Delayed package inquiry; resolved via tracking portal link and ETA check.,Standard historical resolution for DELIVERY_TRACKING documented in Amazon Help policies.,DELIVERY_TRACKING,DELIVERY_TRACKING,0.2645,True
GOLD_053,@AmazonHelp Carrier left my package #657-9479572 outside in the rain and the contents are ruined!,DELIVERY_TRACKING,ESCALATE_HUMAN,Damaged goods due to courier negligence; requires replacement dispatch and courier complaint.,Standard historical resolution for DELIVERY_TRACKING documented in Amazon Help policies.,DELIVERY_TRACKING,DELIVERY_TRACKING,0.2691,True
GOLD_054,@AmazonHelp Tracking number #311-9105250 says invalid tracking ID on Royal Mail website.,DELIVERY_TRACKING,AUTO_HANDLE,Tracking lookup issue; provide correct carrier URL and tracking format guidance.,Standard historical resolution for DELIVERY_TRACKING documented in Amazon Help policies.,DELIVERY_TRACKING,DELIVERY_TRACKING,0.2988,True
GOLD_055,@AmazonHelp I was told my package #242-9078911 would arrive by 1pm today for my daughter's birthday and it's 5pm with no update.,DELIVERY_TRACKING,AUTO_HANDLE,Delivery status check; provide current tracking status and delivery window.,Standard historical resolution for DELIVERY_TRACKING documented in Amazon Help policies.,DELIVERY_TRACKING,DELIVERY_TRACKING,0.1655,True
GOLD_056,@AmazonHelp The delivery person marked order #290-6490626 as 'Handed to resident' but nobody was at home.,DELIVERY_TRACKING,ESCALATE_HUMAN,False delivery confirmation; requires immediate carrier investigation for lost package.,Standard historical resolution for DELIVERY_TRACKING documented in Amazon Help policies.,DELIVERY_TRACKING,DELIVERY_TRACKING,0.1672,True
GOLD_057,@AmazonHelp My package #527-3623851 is still not delivered even though tracking showed out for delivery at 9am.,DELIVERY_TRACKING,AUTO_HANDLE,Delayed package inquiry; resolved via tracking portal link and ETA check.,Standard historical resolution for DELIVERY_TRACKING documented in Amazon Help policies.,DELIVERY_TRACKING,DELIVERY_TRACKING,0.2645,True
GOLD_058,@AmazonHelp Carrier left my package #325-1118378 outside in the rain and the contents are ruined!,DELIVERY_TRACKING,ESCALATE_HUMAN,Damaged goods due to courier negligence; requires replacement dispatch and courier complaint.,Standard historical resolution for DELIVERY_TRACKING documented in Amazon Help policies.,DELIVERY_TRACKING,DELIVERY_TRACKING,0.2691,True
GOLD_059,@AmazonHelp Tracking number #315-9294960 says invalid tracking ID on Royal Mail website.,DELIVERY_TRACKING,AUTO_HANDLE,Tracking lookup issue; provide correct carrier URL and tracking format guidance.,Standard historical resolution for DELIVERY_TRACKING documented in Amazon Help policies.,DELIVERY_TRACKING,DELIVERY_TRACKING,0.2988,True
GOLD_060,@AmazonHelp I was told my package #342-3199954 would arrive by 1pm today for my daughter's birthday and it's 5pm with no update.,DELIVERY_TRACKING,AUTO_HANDLE,Delivery status check; provide current tracking status and delivery window.,Standard historical resolution for DELIVERY_TRACKING documented in Amazon Help policies.,DELIVERY_TRACKING,DELIVERY_TRACKING,0.1655,True
GOLD_061,@AmazonHelp The delivery person marked order #844-1142139 as 'Handed to resident' but nobody was at home.,DELIVERY_TRACKING,ESCALATE_HUMAN,False delivery confirmation; requires immediate carrier investigation for lost package.,Standard historical resolution for DELIVERY_TRACKING documented in Amazon Help policies.,DELIVERY_TRACKING,DELIVERY_TRACKING,0.1672,True
GOLD_062,@AmazonHelp My package #690-6004375 is still not delivered even though tracking showed out for delivery at 9am.,DELIVERY_TRACKING,AUTO_HANDLE,Delayed package inquiry; resolved via tracking portal link and ETA check.,Standard historical resolution for DELIVERY_TRACKING documented in Amazon Help policies.,DELIVERY_TRACKING,DELIVERY_TRACKING,0.2645,True
GOLD_063,@AmazonHelp Carrier left my package #585-3317761 outside in the rain and the contents are ruined!,DELIVERY_TRACKING,ESCALATE_HUMAN,Damaged goods due to courier negligence; requires replacement dispatch and courier complaint.,Standard historical resolution for DELIVERY_TRACKING documented in Amazon Help policies.,DELIVERY_TRACKING,DELIVERY_TRACKING,0.2691,True
GOLD_064,@AmazonHelp Tracking number #464-3208011 says invalid tracking ID on Royal Mail website.,DELIVERY_TRACKING,AUTO_HANDLE,Tracking lookup issue; provide correct carrier URL and tracking format guidance.,Standard historical resolution for DELIVERY_TRACKING documented in Amazon Help policies.,DELIVERY_TRACKING,DELIVERY_TRACKING,0.2988,True
GOLD_065,@AmazonHelp I was told my package #969-9305430 would arrive by 1pm today for my daughter's birthday and it's 5pm with no update.,DELIVERY_TRACKING,AUTO_HANDLE,Delivery status check; provide current tracking status and delivery window.,Standard historical resolution for DELIVERY_TRACKING documented in Amazon Help policies.,DELIVERY_TRACKING,DELIVERY_TRACKING,0.1655,True
GOLD_066,@AmazonHelp How long does it take for a refund to show on my bank account after returning item #195-2473800?,RETURNS_REFUNDS,AUTO_HANDLE,General refund timeframe inquiry; standard bank processing time is 3-5 business days.,Standard historical resolution for RETURNS_REFUNDS documented in Amazon Help policies.,DELIVERY_TRACKING,RETURNS_REFUNDS,0.2063,True
GOLD_067,"@AmazonHelp I received a completely used, scratched item instead of brand new for order #504-5630633.",RETURNS_REFUNDS,ESCALATE_HUMAN,Defective/used item delivered as new; requires agent inspection and replacement.,Standard historical resolution for RETURNS_REFUNDS documented in Amazon Help policies.,DELIVERY_TRACKING,RETURNS_REFUNDS,0.2282,True
GOLD_068,@AmazonHelp I dropped off return parcel #585-9761918 at the post office 10 days ago but tracking shows not received.,RETURNS_REFUNDS,ESCALATE_HUMAN,Return transit delay/lost return parcel; requires manual review of drop-off receipt.,Standard historical resolution for RETURNS_REFUNDS documented in Amazon Help policies.,DELIVERY_TRACKING,DELIVERY_TRACKING,0.3151,False
GOLD_069,@AmazonHelp Can I exchange the shoe size for order #719-8566710 from UK 8 to UK 9?,RETURNS_REFUNDS,AUTO_HANDLE,Standard product exchange inquiry; self-service exchange workflow in Orders.,Standard historical resolution for RETURNS_REFUNDS documented in Amazon Help policies.,DELIVERY_TRACKING,DELIVERY_TRACKING,0.1412,False
GOLD_070,@AmazonHelp The seller on marketplace is refusing to issue a prepaid return label for broken item #333-3063077.,RETURNS_REFUNDS,ESCALATE_HUMAN,Marketplace seller dispute requiring Amazon A-to-z claim intervention.,Standard historical resolution for RETURNS_REFUNDS documented in Amazon Help policies.,DELIVERY_TRACKING,RETURNS_REFUNDS,0.3205,True
GOLD_071,@AmazonHelp How long does it take for a refund to show on my bank account after returning item #898-5040132?,RETURNS_REFUNDS,AUTO_HANDLE,General refund timeframe inquiry; standard bank processing time is 3-5 business days.,Standard historical resolution for RETURNS_REFUNDS documented in Amazon Help policies.,DELIVERY_TRACKING,RETURNS_REFUNDS,0.2063,True
GOLD_072,"@AmazonHelp I received a completely used, scratched item instead of brand new for order #637-2110045.",RETURNS_REFUNDS,ESCALATE_HUMAN,Defective/used item delivered as new; requires agent inspection and replacement.,Standard historical resolution for RETURNS_REFUNDS documented in Amazon Help policies.,DELIVERY_TRACKING,RETURNS_REFUNDS,0.2282,True
GOLD_073,@AmazonHelp I dropped off return parcel #344-9610645 at the post office 10 days ago but tracking shows not received.,RETURNS_REFUNDS,ESCALATE_HUMAN,Return transit delay/lost return parcel; requires manual review of drop-off receipt.,Standard historical resolution for RETURNS_REFUNDS documented in Amazon Help policies.,DELIVERY_TRACKING,DELIVERY_TRACKING,0.3151,False
GOLD_074,@AmazonHelp Can I exchange the shoe size for order #692-1990660 from UK 8 to UK 9?,RETURNS_REFUNDS,AUTO_HANDLE,Standard product exchange inquiry; self-service exchange workflow in Orders.,Standard historical resolution for RETURNS_REFUNDS documented in Amazon Help policies.,DELIVERY_TRACKING,DELIVERY_TRACKING,0.1412,False
GOLD_075,@AmazonHelp The seller on marketplace is refusing to issue a prepaid return label for broken item #270-7725029.,RETURNS_REFUNDS,ESCALATE_HUMAN,Marketplace seller dispute requiring Amazon A-to-z claim intervention.,Standard historical resolution for RETURNS_REFUNDS documented in Amazon Help policies.,DELIVERY_TRACKING,RETURNS_REFUNDS,0.3205,True
GOLD_076,@AmazonHelp How long does it take for a refund to show on my bank account after returning item #248-9842151?,RETURNS_REFUNDS,AUTO_HANDLE,General refund timeframe inquiry; standard bank processing time is 3-5 business days.,Standard historical resolution for RETURNS_REFUNDS documented in Amazon Help policies.,DELIVERY_TRACKING,RETURNS_REFUNDS,0.2063,True
GOLD_077,"@AmazonHelp I received a completely used, scratched item instead of brand new for order #950-6799846.",RETURNS_REFUNDS,ESCALATE_HUMAN,Defective/used item delivered as new; requires agent inspection and replacement.,Standard historical resolution for RETURNS_REFUNDS documented in Amazon Help policies.,DELIVERY_TRACKING,RETURNS_REFUNDS,0.2282,True
GOLD_078,@AmazonHelp I dropped off return parcel #975-5768394 at the post office 10 days ago but tracking shows not received.,RETURNS_REFUNDS,ESCALATE_HUMAN,Return transit delay/lost return parcel; requires manual review of drop-off receipt.,Standard historical resolution for RETURNS_REFUNDS documented in Amazon Help policies.,DELIVERY_TRACKING,DELIVERY_TRACKING,0.3151,False
GOLD_079,@AmazonHelp Can I exchange the shoe size for order #193-5314344 from UK 8 to UK 9?,RETURNS_REFUNDS,AUTO_HANDLE,Standard product exchange inquiry; self-service exchange workflow in Orders.,Standard historical resolution for RETURNS_REFUNDS documented in Amazon Help policies.,DELIVERY_TRACKING,DELIVERY_TRACKING,0.1412,False
GOLD_080,@AmazonHelp The seller on marketplace is refusing to issue a prepaid return label for broken item #360-4361171.,RETURNS_REFUNDS,ESCALATE_HUMAN,Marketplace seller dispute requiring Amazon A-to-z claim intervention.,Standard historical resolution for RETURNS_REFUNDS documented in Amazon Help policies.,DELIVERY_TRACKING,RETURNS_REFUNDS,0.3205,True
GOLD_081,@AmazonHelp How long does it take for a refund to show on my bank account after returning item #509-2823841?,RETURNS_REFUNDS,AUTO_HANDLE,General refund timeframe inquiry; standard bank processing time is 3-5 business days.,Standard historical resolution for RETURNS_REFUNDS documented in Amazon Help policies.,DELIVERY_TRACKING,RETURNS_REFUNDS,0.2063,True
GOLD_082,"@AmazonHelp I received a completely used, scratched item instead of brand new for order #881-4503015.",RETURNS_REFUNDS,ESCALATE_HUMAN,Defective/used item delivered as new; requires agent inspection and replacement.,Standard historical resolution for RETURNS_REFUNDS documented in Amazon Help policies.,DELIVERY_TRACKING,RETURNS_REFUNDS,0.2282,True
GOLD_083,@AmazonHelp I dropped off return parcel #685-7486235 at the post office 10 days ago but tracking shows not received.,RETURNS_REFUNDS,ESCALATE_HUMAN,Return transit delay/lost return parcel; requires manual review of drop-off receipt.,Standard historical resolution for RETURNS_REFUNDS documented in Amazon Help policies.,DELIVERY_TRACKING,DELIVERY_TRACKING,0.3151,False
GOLD_084,@AmazonHelp Can I exchange the shoe size for order #811-3775527 from UK 8 to UK 9?,RETURNS_REFUNDS,AUTO_HANDLE,Standard product exchange inquiry; self-service exchange workflow in Orders.,Standard historical resolution for RETURNS_REFUNDS documented in Amazon Help policies.,DELIVERY_TRACKING,DELIVERY_TRACKING,0.1412,False
GOLD_085,@AmazonHelp The seller on marketplace is refusing to issue a prepaid return label for broken item #802-4370085.,RETURNS_REFUNDS,ESCALATE_HUMAN,Marketplace seller dispute requiring Amazon A-to-z claim intervention.,Standard historical resolution for RETURNS_REFUNDS documented in Amazon Help policies.,DELIVERY_TRACKING,RETURNS_REFUNDS,0.3205,True
GOLD_086,@AmazonHelp How long does it take for a refund to show on my bank account after returning item #334-9128627?,RETURNS_REFUNDS,AUTO_HANDLE,General refund timeframe inquiry; standard bank processing time is 3-5 business days.,Standard historical resolution for RETURNS_REFUNDS documented in Amazon Help policies.,DELIVERY_TRACKING,RETURNS_REFUNDS,0.2063,True
GOLD_087,"@AmazonHelp I received a completely used, scratched item instead of brand new for order #282-1150169.",RETURNS_REFUNDS,ESCALATE_HUMAN,Defective/used item delivered as new; requires agent inspection and replacement.,Standard historical resolution for RETURNS_REFUNDS documented in Amazon Help policies.,DELIVERY_TRACKING,RETURNS_REFUNDS,0.2282,True
GOLD_088,@AmazonHelp I dropped off return parcel #469-9332091 at the post office 10 days ago but tracking shows not received.,RETURNS_REFUNDS,ESCALATE_HUMAN,Return transit delay/lost return parcel; requires manual review of drop-off receipt.,Standard historical resolution for RETURNS_REFUNDS documented in Amazon Help policies.,DELIVERY_TRACKING,DELIVERY_TRACKING,0.3151,False
GOLD_089,@AmazonHelp Can I exchange the shoe size for order #613-3666067 from UK 8 to UK 9?,RETURNS_REFUNDS,AUTO_HANDLE,Standard product exchange inquiry; self-service exchange workflow in Orders.,Standard historical resolution for RETURNS_REFUNDS documented in Amazon Help policies.,DELIVERY_TRACKING,DELIVERY_TRACKING,0.1412,False
GOLD_090,@AmazonHelp The seller on marketplace is refusing to issue a prepaid return label for broken item #576-2489389.,RETURNS_REFUNDS,ESCALATE_HUMAN,Marketplace seller dispute requiring Amazon A-to-z claim intervention.,Standard historical resolution for RETURNS_REFUNDS documented in Amazon Help policies.,DELIVERY_TRACKING,RETURNS_REFUNDS,0.3205,True
GOLD_091,@AmazonHelp How long does it take for a refund to show on my bank account after returning item #545-2253905?,RETURNS_REFUNDS,AUTO_HANDLE,General refund timeframe inquiry; standard bank processing time is 3-5 business days.,Standard historical resolution for RETURNS_REFUNDS documented in Amazon Help policies.,DELIVERY_TRACKING,RETURNS_REFUNDS,0.2063,True
GOLD_092,"@AmazonHelp I received a completely used, scratched item instead of brand new for order #818-1265204.",RETURNS_REFUNDS,ESCALATE_HUMAN,Defective/used item delivered as new; requires agent inspection and replacement.,Standard historical resolution for RETURNS_REFUNDS documented in Amazon Help policies.,DELIVERY_TRACKING,RETURNS_REFUNDS,0.2282,True
GOLD_093,@AmazonHelp I dropped off return parcel #912-2444061 at the post office 10 days ago but tracking shows not received.,RETURNS_REFUNDS,ESCALATE_HUMAN,Return transit delay/lost return parcel; requires manual review of drop-off receipt.,Standard historical resolution for RETURNS_REFUNDS documented in Amazon Help policies.,DELIVERY_TRACKING,DELIVERY_TRACKING,0.3151,False
GOLD_094,@AmazonHelp Can I exchange the shoe size for order #827-2799734 from UK 8 to UK 9?,RETURNS_REFUNDS,AUTO_HANDLE,Standard product exchange inquiry; self-service exchange workflow in Orders.,Standard historical resolution for RETURNS_REFUNDS documented in Amazon Help policies.,DELIVERY_TRACKING,DELIVERY_TRACKING,0.1412,False
GOLD_095,@AmazonHelp The seller on marketplace is refusing to issue a prepaid return label for broken item #706-7354076.,RETURNS_REFUNDS,ESCALATE_HUMAN,Marketplace seller dispute requiring Amazon A-to-z claim intervention.,Standard historical resolution for RETURNS_REFUNDS documented in Amazon Help policies.,DELIVERY_TRACKING,RETURNS_REFUNDS,0.3205,True
GOLD_096,@AmazonHelp How long does it take for a refund to show on my bank account after returning item #651-6751101?,RETURNS_REFUNDS,AUTO_HANDLE,General refund timeframe inquiry; standard bank processing time is 3-5 business days.,Standard historical resolution for RETURNS_REFUNDS documented in Amazon Help policies.,DELIVERY_TRACKING,RETURNS_REFUNDS,0.2063,True
GOLD_097,"@AmazonHelp I need to cancel order #877-1925056 please, my kid bought it by mistake without asking.",CANCELLATION_MODIFICATION,AUTO_HANDLE,Accidental purchase cancellation; standard self-service order cancellation.,Standard historical resolution for CANCELLATION_MODIFICATION documented in Amazon Help policies.,DELIVERY_TRACKING,CANCELLATION_MODIFICATION,0.3496,True
GOLD_098,@AmazonHelp Can I change the delivery slot for order #272-8883408 to evening after 6pm?,CANCELLATION_MODIFICATION,AUTO_HANDLE,Delivery preference modification; guide user to carrier delivery instructions.,Standard historical resolution for CANCELLATION_MODIFICATION documented in Amazon Help policies.,DELIVERY_TRACKING,CANCELLATION_MODIFICATION,0.2446,True
GOLD_099,"@AmazonHelp Please stop shipment for order #123-3127492, the credit card used was stolen from my wallet!",CANCELLATION_MODIFICATION,ESCALATE_HUMAN,Fraud alert on active shipment; emergency package intercept and card freeze required.,Standard historical resolution for CANCELLATION_MODIFICATION documented in Amazon Help policies.,DELIVERY_TRACKING,PAYMENT_BILLING,0.2991,False
GOLD_100,"@AmazonHelp I need to cancel order #210-1632847 please, my kid bought it by mistake without asking.",CANCELLATION_MODIFICATION,AUTO_HANDLE,Accidental purchase cancellation; standard self-service order cancellation.,Standard historical resolution for CANCELLATION_MODIFICATION documented in Amazon Help policies.,DELIVERY_TRACKING,CANCELLATION_MODIFICATION,0.3496,True
GOLD_101,@AmazonHelp Can I change the delivery slot for order #509-7881033 to evening after 6pm?,CANCELLATION_MODIFICATION,AUTO_HANDLE,Delivery preference modification; guide user to carrier delivery instructions.,Standard historical resolution for CANCELLATION_MODIFICATION documented in Amazon Help policies.,DELIVERY_TRACKING,CANCELLATION_MODIFICATION,0.2446,True
GOLD_102,"@AmazonHelp Please stop shipment for order #464-1163712, the credit card used was stolen from my wallet!",CANCELLATION_MODIFICATION,ESCALATE_HUMAN,Fraud alert on active shipment; emergency package intercept and card freeze required.,Standard historical resolution for CANCELLATION_MODIFICATION documented in Amazon Help policies.,DELIVERY_TRACKING,PAYMENT_BILLING,0.3324,False
GOLD_103,"@AmazonHelp I need to cancel order #774-7783392 please, my kid bought it by mistake without asking.",CANCELLATION_MODIFICATION,AUTO_HANDLE,Accidental purchase cancellation; standard self-service order cancellation.,Standard historical resolution for CANCELLATION_MODIFICATION documented in Amazon Help policies.,DELIVERY_TRACKING,CANCELLATION_MODIFICATION,0.3496,True
GOLD_104,@AmazonHelp Can I change the delivery slot for order #540-8438651 to evening after 6pm?,CANCELLATION_MODIFICATION,AUTO_HANDLE,Delivery preference modification; guide user to carrier delivery instructions.,Standard historical resolution for CANCELLATION_MODIFICATION documented in Amazon Help policies.,DELIVERY_TRACKING,CANCELLATION_MODIFICATION,0.2446,True
GOLD_105,"@AmazonHelp Please stop shipment for order #297-9505341, the credit card used was stolen from my wallet!",CANCELLATION_MODIFICATION,ESCALATE_HUMAN,Fraud alert on active shipment; emergency package intercept and card freeze required.,Standard historical resolution for CANCELLATION_MODIFICATION documented in Amazon Help policies.,DELIVERY_TRACKING,PAYMENT_BILLING,0.3324,False
GOLD_106,"@AmazonHelp I need to cancel order #237-8743260 please, my kid bought it by mistake without asking.",CANCELLATION_MODIFICATION,AUTO_HANDLE,Accidental purchase cancellation; standard self-service order cancellation.,Standard historical resolution for CANCELLATION_MODIFICATION documented in Amazon Help policies.,DELIVERY_TRACKING,CANCELLATION_MODIFICATION,0.3496,True
GOLD_107,@AmazonHelp Can I change the delivery slot for order #213-8073434 to evening after 6pm?,CANCELLATION_MODIFICATION,AUTO_HANDLE,Delivery preference modification; guide user to carrier delivery instructions.,Standard historical resolution for CANCELLATION_MODIFICATION documented in Amazon Help policies.,DELIVERY_TRACKING,CANCELLATION_MODIFICATION,0.2446,True
GOLD_108,"@AmazonHelp Please stop shipment for order #517-5420699, the credit card used was stolen from my wallet!",CANCELLATION_MODIFICATION,ESCALATE_HUMAN,Fraud alert on active shipment; emergency package intercept and card freeze required.,Standard historical resolution for CANCELLATION_MODIFICATION documented in Amazon Help policies.,DELIVERY_TRACKING,PAYMENT_BILLING,0.3324,False
GOLD_109,"@AmazonHelp I need to cancel order #112-2342149 please, my kid bought it by mistake without asking.",CANCELLATION_MODIFICATION,AUTO_HANDLE,Accidental purchase cancellation; standard self-service order cancellation.,Standard historical resolution for CANCELLATION_MODIFICATION documented in Amazon Help policies.,DELIVERY_TRACKING,CANCELLATION_MODIFICATION,0.3496,True
GOLD_110,@AmazonHelp Can I change the delivery slot for order #527-2043743 to evening after 6pm?,CANCELLATION_MODIFICATION,AUTO_HANDLE,Delivery preference modification; guide user to carrier delivery instructions.,Standard historical resolution for CANCELLATION_MODIFICATION documented in Amazon Help policies.,DELIVERY_TRACKING,CANCELLATION_MODIFICATION,0.2446,True
GOLD_111,"@AmazonHelp Please stop shipment for order #277-8139676, the credit card used was stolen from my wallet!",CANCELLATION_MODIFICATION,ESCALATE_HUMAN,Fraud alert on active shipment; emergency package intercept and card freeze required.,Standard historical resolution for CANCELLATION_MODIFICATION documented in Amazon Help policies.,DELIVERY_TRACKING,PAYMENT_BILLING,0.3324,False
GOLD_112,"@AmazonHelp I need to cancel order #203-7278360 please, my kid bought it by mistake without asking.",CANCELLATION_MODIFICATION,AUTO_HANDLE,Accidental purchase cancellation; standard self-service order cancellation.,Standard historical resolution for CANCELLATION_MODIFICATION documented in Amazon Help policies.,DELIVERY_TRACKING,CANCELLATION_MODIFICATION,0.3496,True
GOLD_113,@AmazonHelp Can I change the delivery slot for order #203-8009114 to evening after 6pm?,CANCELLATION_MODIFICATION,AUTO_HANDLE,Delivery preference modification; guide user to carrier delivery instructions.,Standard historical resolution for CANCELLATION_MODIFICATION documented in Amazon Help policies.,DELIVERY_TRACKING,CANCELLATION_MODIFICATION,0.2446,True
GOLD_114,"@AmazonHelp Please stop shipment for order #837-4344947, the credit card used was stolen from my wallet!",CANCELLATION_MODIFICATION,ESCALATE_HUMAN,Fraud alert on active shipment; emergency package intercept and card freeze required.,Standard historical resolution for CANCELLATION_MODIFICATION documented in Amazon Help policies.,DELIVERY_TRACKING,PAYMENT_BILLING,0.3324,False
GOLD_115,"@AmazonHelp I need to cancel order #149-5856637 please, my kid bought it by mistake without asking.",CANCELLATION_MODIFICATION,AUTO_HANDLE,Accidental purchase cancellation; standard self-service order cancellation.,Standard historical resolution for CANCELLATION_MODIFICATION documented in Amazon Help policies.,DELIVERY_TRACKING,CANCELLATION_MODIFICATION,0.3496,True
GOLD_116,@AmazonHelp Can I change the delivery slot for order #504-8988585 to evening after 6pm?,CANCELLATION_MODIFICATION,AUTO_HANDLE,Delivery preference modification; guide user to carrier delivery instructions.,Standard historical resolution for CANCELLATION_MODIFICATION documented in Amazon Help policies.,DELIVERY_TRACKING,CANCELLATION_MODIFICATION,0.2446,True
GOLD_117,"@AmazonHelp Please stop shipment for order #929-7069669, the credit card used was stolen from my wallet!",CANCELLATION_MODIFICATION,ESCALATE_HUMAN,Fraud alert on active shipment; emergency package intercept and card freeze required.,Standard historical resolution for CANCELLATION_MODIFICATION documented in Amazon Help policies.,DELIVERY_TRACKING,PAYMENT_BILLING,0.3324,False
GOLD_118,"@AmazonHelp I need to cancel order #298-3851051 please, my kid bought it by mistake without asking.",CANCELLATION_MODIFICATION,AUTO_HANDLE,Accidental purchase cancellation; standard self-service order cancellation.,Standard historical resolution for CANCELLATION_MODIFICATION documented in Amazon Help policies.,DELIVERY_TRACKING,CANCELLATION_MODIFICATION,0.3496,True
GOLD_119,@AmazonHelp Why was I billed $14.99 on my debit card when my order was cancelled?,PAYMENT_BILLING,ESCALATE_HUMAN,Billing inquiry on cancelled order; check authorization hold vs settled charge.,Standard historical resolution for PAYMENT_BILLING documented in Amazon Help policies.,DELIVERY_TRACKING,PAYMENT_BILLING,0.4027,True
GOLD_120,@AmazonHelp Can I apply a promo voucher code after an order #134-9482226 has already been placed?,PAYMENT_BILLING,AUTO_HANDLE,Promotional policy question; promo codes must be entered at checkout before placing order.,Standard historical resolution for PAYMENT_BILLING documented in Amazon Help policies.,DELIVERY_TRACKING,PAYMENT_BILLING,0.2834,True
GOLD_121,"@AmazonHelp I got charged twice for my book order #789-6669088, once on PayPal and once on Visa card.",PAYMENT_BILLING,ESCALATE_HUMAN,Duplicate multi-channel charge; requires payment specialist audit.,Standard historical resolution for PAYMENT_BILLING documented in Amazon Help policies.,DELIVERY_TRACKING,PAYMENT_BILLING,0.1918,True
GOLD_122,@AmazonHelp Why was I billed $14.99 on my debit card when my order was cancelled?,PAYMENT_BILLING,ESCALATE_HUMAN,Billing inquiry on cancelled order; check authorization hold vs settled charge.,Standard historical resolution for PAYMENT_BILLING documented in Amazon Help policies.,DELIVERY_TRACKING,PAYMENT_BILLING,0.4027,True
GOLD_123,@AmazonHelp Can I apply a promo voucher code after an order #536-2301034 has already been placed?,PAYMENT_BILLING,AUTO_HANDLE,Promotional policy question; promo codes must be entered at checkout before placing order.,Standard historical resolution for PAYMENT_BILLING documented in Amazon Help policies.,DELIVERY_TRACKING,PAYMENT_BILLING,0.2834,True
GOLD_124,"@AmazonHelp I got charged twice for my book order #426-9656123, once on PayPal and once on Visa card.",PAYMENT_BILLING,ESCALATE_HUMAN,Duplicate multi-channel charge; requires payment specialist audit.,Standard historical resolution for PAYMENT_BILLING documented in Amazon Help policies.,DELIVERY_TRACKING,PAYMENT_BILLING,0.1918,True
GOLD_125,@AmazonHelp Why was I billed $14.99 on my debit card when my order was cancelled?,PAYMENT_BILLING,ESCALATE_HUMAN,Billing inquiry on cancelled order; check authorization hold vs settled charge.,Standard historical resolution for PAYMENT_BILLING documented in Amazon Help policies.,DELIVERY_TRACKING,PAYMENT_BILLING,0.4027,True
GOLD_126,@AmazonHelp Can I apply a promo voucher code after an order #335-4551532 has already been placed?,PAYMENT_BILLING,AUTO_HANDLE,Promotional policy question; promo codes must be entered at checkout before placing order.,Standard historical resolution for PAYMENT_BILLING documented in Amazon Help policies.,DELIVERY_TRACKING,PAYMENT_BILLING,0.2834,True
GOLD_127,"@AmazonHelp I got charged twice for my book order #479-7888317, once on PayPal and once on Visa card.",PAYMENT_BILLING,ESCALATE_HUMAN,Duplicate multi-channel charge; requires payment specialist audit.,Standard historical resolution for PAYMENT_BILLING documented in Amazon Help policies.,DELIVERY_TRACKING,PAYMENT_BILLING,0.1918,True
GOLD_128,@AmazonHelp Why was I billed $14.99 on my debit card when my order was cancelled?,PAYMENT_BILLING,ESCALATE_HUMAN,Billing inquiry on cancelled order; check authorization hold vs settled charge.,Standard historical resolution for PAYMENT_BILLING documented in Amazon Help policies.,DELIVERY_TRACKING,PAYMENT_BILLING,0.4027,True
GOLD_129,@AmazonHelp Can I apply a promo voucher code after an order #825-5662466 has already been placed?,PAYMENT_BILLING,AUTO_HANDLE,Promotional policy question; promo codes must be entered at checkout before placing order.,Standard historical resolution for PAYMENT_BILLING documented in Amazon Help policies.,DELIVERY_TRACKING,PAYMENT_BILLING,0.2834,True
GOLD_130,"@AmazonHelp I got charged twice for my book order #248-6060014, once on PayPal and once on Visa card.",PAYMENT_BILLING,ESCALATE_HUMAN,Duplicate multi-channel charge; requires payment specialist audit.,Standard historical resolution for PAYMENT_BILLING documented in Amazon Help policies.,DELIVERY_TRACKING,PAYMENT_BILLING,0.1918,True
GOLD_131,@AmazonHelp Why was I billed $14.99 on my debit card when my order was cancelled?,PAYMENT_BILLING,ESCALATE_HUMAN,Billing inquiry on cancelled order; check authorization hold vs settled charge.,Standard historical resolution for PAYMENT_BILLING documented in Amazon Help policies.,DELIVERY_TRACKING,PAYMENT_BILLING,0.4027,True
GOLD_132,@AmazonHelp Can I apply a promo voucher code after an order #897-8181891 has already been placed?,PAYMENT_BILLING,AUTO_HANDLE,Promotional policy question; promo codes must be entered at checkout before placing order.,Standard historical resolution for PAYMENT_BILLING documented in Amazon Help policies.,DELIVERY_TRACKING,PAYMENT_BILLING,0.2834,True
GOLD_133,"@AmazonHelp I got charged twice for my book order #393-1668509, once on PayPal and once on Visa card.",PAYMENT_BILLING,ESCALATE_HUMAN,Duplicate multi-channel charge; requires payment specialist audit.,Standard historical resolution for PAYMENT_BILLING documented in Amazon Help policies.,DELIVERY_TRACKING,PAYMENT_BILLING,0.1918,True
GOLD_134,@AmazonHelp Why was I billed $14.99 on my debit card when my order was cancelled?,PAYMENT_BILLING,ESCALATE_HUMAN,Billing inquiry on cancelled order; check authorization hold vs settled charge.,Standard historical resolution for PAYMENT_BILLING documented in Amazon Help policies.,DELIVERY_TRACKING,PAYMENT_BILLING,0.4027,True
GOLD_135,@AmazonHelp Can I apply a promo voucher code after an order #444-9062059 has already been placed?,PAYMENT_BILLING,AUTO_HANDLE,Promotional policy question; promo codes must be entered at checkout before placing order.,Standard historical resolution for PAYMENT_BILLING documented in Amazon Help policies.,DELIVERY_TRACKING,PAYMENT_BILLING,0.2834,True
GOLD_136,"@AmazonHelp I got charged twice for my book order #347-6501956, once on PayPal and once on Visa card.",PAYMENT_BILLING,ESCALATE_HUMAN,Duplicate multi-channel charge; requires payment specialist audit.,Standard historical resolution for PAYMENT_BILLING documented in Amazon Help policies.,DELIVERY_TRACKING,PAYMENT_BILLING,0.1918,True
GOLD_137,@AmazonHelp Why was I billed $14.99 on my debit card when my order was cancelled?,PAYMENT_BILLING,ESCALATE_HUMAN,Billing inquiry on cancelled order; check authorization hold vs settled charge.,Standard historical resolution for PAYMENT_BILLING documented in Amazon Help policies.,DELIVERY_TRACKING,PAYMENT_BILLING,0.4027,True
GOLD_138,@AmazonHelp Can I apply a promo voucher code after an order #106-5531950 has already been placed?,PAYMENT_BILLING,AUTO_HANDLE,Promotional policy question; promo codes must be entered at checkout before placing order.,Standard historical resolution for PAYMENT_BILLING documented in Amazon Help policies.,DELIVERY_TRACKING,PAYMENT_BILLING,0.2834,True
GOLD_139,"@AmazonHelp I got charged twice for my book order #516-5727079, once on PayPal and once on Visa card.",PAYMENT_BILLING,ESCALATE_HUMAN,Duplicate multi-channel charge; requires payment specialist audit.,Standard historical resolution for PAYMENT_BILLING documented in Amazon Help policies.,DELIVERY_TRACKING,PAYMENT_BILLING,0.1918,True
GOLD_140,@AmazonHelp Why was I billed $14.99 on my debit card when my order was cancelled?,PAYMENT_BILLING,ESCALATE_HUMAN,Billing inquiry on cancelled order; check authorization hold vs settled charge.,Standard historical resolution for PAYMENT_BILLING documented in Amazon Help policies.,DELIVERY_TRACKING,PAYMENT_BILLING,0.4027,True
GOLD_141,@AmazonHelp I want to turn off auto-renewal for my Prime membership before it charges next week.,SUBSCRIPTION_PRIME,AUTO_HANDLE,Self-service membership management; instruct how to disable auto-renew.,Standard historical resolution for SUBSCRIPTION_PRIME documented in Amazon Help policies.,DELIVERY_TRACKING,SUBSCRIPTION_PRIME,0.482,True
GOLD_142,@AmazonHelp Prime video is showing subtitles out of sync on my iPad for movie #189-4324870.,SUBSCRIPTION_PRIME,AUTO_HANDLE,Technical app troubleshooting; advise updating app and adjusting subtitle settings.,Standard historical resolution for SUBSCRIPTION_PRIME documented in Amazon Help policies.,DELIVERY_TRACKING,SUBSCRIPTION_PRIME,0.5548,True
GOLD_143,@AmazonHelp I was promised $10 Prime Video credit for choosing no-rush shipping on order #762-1369185 but it's not in my account.,SUBSCRIPTION_PRIME,ESCALATE_HUMAN,Missing promotional credit; requires manual agent account crediting.,Standard historical resolution for SUBSCRIPTION_PRIME documented in Amazon Help policies.,DELIVERY_TRACKING,SUBSCRIPTION_PRIME,0.3933,True
GOLD_144,@AmazonHelp I want to turn off auto-renewal for my Prime membership before it charges next week.,SUBSCRIPTION_PRIME,AUTO_HANDLE,Self-service membership management; instruct how to disable auto-renew.,Standard historical resolution for SUBSCRIPTION_PRIME documented in Amazon Help policies.,DELIVERY_TRACKING,SUBSCRIPTION_PRIME,0.482,True
GOLD_145,@AmazonHelp Prime video is showing subtitles out of sync on my iPad for movie #107-2882650.,SUBSCRIPTION_PRIME,AUTO_HANDLE,Technical app troubleshooting; advise updating app and adjusting subtitle settings.,Standard historical resolution for SUBSCRIPTION_PRIME documented in Amazon Help policies.,DELIVERY_TRACKING,SUBSCRIPTION_PRIME,0.5548,True
GOLD_146,@AmazonHelp I was promised $10 Prime Video credit for choosing no-rush shipping on order #658-3394514 but it's not in my account.,SUBSCRIPTION_PRIME,ESCALATE_HUMAN,Missing promotional credit; requires manual agent account crediting.,Standard historical resolution for SUBSCRIPTION_PRIME documented in Amazon Help policies.,DELIVERY_TRACKING,SUBSCRIPTION_PRIME,0.3933,True
GOLD_147,@AmazonHelp I want to turn off auto-renewal for my Prime membership before it charges next week.,SUBSCRIPTION_PRIME,AUTO_HANDLE,Self-service membership management; instruct how to disable auto-renew.,Standard historical resolution for SUBSCRIPTION_PRIME documented in Amazon Help policies.,DELIVERY_TRACKING,SUBSCRIPTION_PRIME,0.482,True
GOLD_148,@AmazonHelp Prime video is showing subtitles out of sync on my iPad for movie #640-4337650.,SUBSCRIPTION_PRIME,AUTO_HANDLE,Technical app troubleshooting; advise updating app and adjusting subtitle settings.,Standard historical resolution for SUBSCRIPTION_PRIME documented in Amazon Help policies.,DELIVERY_TRACKING,SUBSCRIPTION_PRIME,0.5548,True
GOLD_149,@AmazonHelp I was promised $10 Prime Video credit for choosing no-rush shipping on order #712-9418042 but it's not in my account.,SUBSCRIPTION_PRIME,ESCALATE_HUMAN,Missing promotional credit; requires manual agent account crediting.,Standard historical resolution for SUBSCRIPTION_PRIME documented in Amazon Help policies.,DELIVERY_TRACKING,SUBSCRIPTION_PRIME,0.3933,True
GOLD_150,@AmazonHelp I want to turn off auto-renewal for my Prime membership before it charges next week.,SUBSCRIPTION_PRIME,AUTO_HANDLE,Self-service membership management; instruct how to disable auto-renew.,Standard historical resolution for SUBSCRIPTION_PRIME documented in Amazon Help policies.,DELIVERY_TRACKING,SUBSCRIPTION_PRIME,0.482,True
GOLD_151,@AmazonHelp Prime video is showing subtitles out of sync on my iPad for movie #878-1012526.,SUBSCRIPTION_PRIME,AUTO_HANDLE,Technical app troubleshooting; advise updating app and adjusting subtitle settings.,Standard historical resolution for SUBSCRIPTION_PRIME documented in Amazon Help policies.,DELIVERY_TRACKING,SUBSCRIPTION_PRIME,0.5548,True
GOLD_152,@AmazonHelp I was promised $10 Prime Video credit for choosing no-rush shipping on order #700-4379041 but it's not in my account.,SUBSCRIPTION_PRIME,ESCALATE_HUMAN,Missing promotional credit; requires manual agent account crediting.,Standard historical resolution for SUBSCRIPTION_PRIME documented in Amazon Help policies.,DELIVERY_TRACKING,SUBSCRIPTION_PRIME,0.3933,True
GOLD_153,@AmazonHelp I want to turn off auto-renewal for my Prime membership before it charges next week.,SUBSCRIPTION_PRIME,AUTO_HANDLE,Self-service membership management; instruct how to disable auto-renew.,Standard historical resolution for SUBSCRIPTION_PRIME documented in Amazon Help policies.,DELIVERY_TRACKING,SUBSCRIPTION_PRIME,0.482,True
GOLD_154,@AmazonHelp Prime video is showing subtitles out of sync on my iPad for movie #238-3475964.,SUBSCRIPTION_PRIME,AUTO_HANDLE,Technical app troubleshooting; advise updating app and adjusting subtitle settings.,Standard historical resolution for SUBSCRIPTION_PRIME documented in Amazon Help policies.,DELIVERY_TRACKING,SUBSCRIPTION_PRIME,0.5548,True
GOLD_155,@AmazonHelp I was promised $10 Prime Video credit for choosing no-rush shipping on order #703-9724686 but it's not in my account.,SUBSCRIPTION_PRIME,ESCALATE_HUMAN,Missing promotional credit; requires manual agent account crediting.,Standard historical resolution for SUBSCRIPTION_PRIME documented in Amazon Help policies.,DELIVERY_TRACKING,SUBSCRIPTION_PRIME,0.3933,True
GOLD_156,@AmazonHelp I want to turn off auto-renewal for my Prime membership before it charges next week.,SUBSCRIPTION_PRIME,AUTO_HANDLE,Self-service membership management; instruct how to disable auto-renew.,Standard historical resolution for SUBSCRIPTION_PRIME documented in Amazon Help policies.,DELIVERY_TRACKING,SUBSCRIPTION_PRIME,0.482,True
GOLD_157,@AmazonHelp Prime video is showing subtitles out of sync on my iPad for movie #812-5109521.,SUBSCRIPTION_PRIME,AUTO_HANDLE,Technical app troubleshooting; advise updating app and adjusting subtitle settings.,Standard historical resolution for SUBSCRIPTION_PRIME documented in Amazon Help policies.,DELIVERY_TRACKING,SUBSCRIPTION_PRIME,0.5548,True
GOLD_158,@AmazonHelp I was promised $10 Prime Video credit for choosing no-rush shipping on order #454-5723406 but it's not in my account.,SUBSCRIPTION_PRIME,ESCALATE_HUMAN,Missing promotional credit; requires manual agent account crediting.,Standard historical resolution for SUBSCRIPTION_PRIME documented in Amazon Help policies.,DELIVERY_TRACKING,SUBSCRIPTION_PRIME,0.3933,True
GOLD_159,@AmazonHelp I want to turn off auto-renewal for my Prime membership before it charges next week.,SUBSCRIPTION_PRIME,AUTO_HANDLE,Self-service membership management; instruct how to disable auto-renew.,Standard historical resolution for SUBSCRIPTION_PRIME documented in Amazon Help policies.,DELIVERY_TRACKING,SUBSCRIPTION_PRIME,0.482,True
GOLD_160,@AmazonHelp Prime video is showing subtitles out of sync on my iPad for movie #198-3485875.,SUBSCRIPTION_PRIME,AUTO_HANDLE,Technical app troubleshooting; advise updating app and adjusting subtitle settings.,Standard historical resolution for SUBSCRIPTION_PRIME documented in Amazon Help policies.,DELIVERY_TRACKING,SUBSCRIPTION_PRIME,0.5548,True
GOLD_161,@AmazonHelp I was promised $10 Prime Video credit for choosing no-rush shipping on order #262-5951966 but it's not in my account.,SUBSCRIPTION_PRIME,ESCALATE_HUMAN,Missing promotional credit; requires manual agent account crediting.,Standard historical resolution for SUBSCRIPTION_PRIME documented in Amazon Help policies.,DELIVERY_TRACKING,SUBSCRIPTION_PRIME,0.3933,True
GOLD_162,@AmazonHelp I want to turn off auto-renewal for my Prime membership before it charges next week.,SUBSCRIPTION_PRIME,AUTO_HANDLE,Self-service membership management; instruct how to disable auto-renew.,Standard historical resolution for SUBSCRIPTION_PRIME documented in Amazon Help policies.,DELIVERY_TRACKING,SUBSCRIPTION_PRIME,0.482,True
GOLD_163,@AmazonHelp My account has been locked due to 'unusual activity' and I cannot access my digital purchases.,ACCOUNT_SECURITY,ESCALATE_HUMAN,Account suspension / security lockdown; human identity verification mandatory.,Standard historical resolution for ACCOUNT_SECURITY documented in Amazon Help policies.,DELIVERY_TRACKING,ACCOUNT_SECURITY,0.4176,True
GOLD_164,@AmazonHelp I keep getting SMS verification codes from Amazon that I did not trigger. Is someone trying to hack my account?,ACCOUNT_SECURITY,ESCALATE_HUMAN,Suspicious login attempts / potential security breach; human security review advised.,Standard historical resolution for ACCOUNT_SECURITY documented in Amazon Help policies.,DELIVERY_TRACKING,ACCOUNT_SECURITY,0.4246,True
GOLD_165,@AmazonHelp How do I enable 2-step verification for higher account security?,ACCOUNT_SECURITY,AUTO_HANDLE,Security best-practice guide; provide direct link to 2SV settings.,Standard historical resolution for ACCOUNT_SECURITY documented in Amazon Help policies.,DELIVERY_TRACKING,ACCOUNT_SECURITY,0.5446,True
GOLD_166,@AmazonHelp My account has been locked due to 'unusual activity' and I cannot access my digital purchases.,ACCOUNT_SECURITY,ESCALATE_HUMAN,Account suspension / security lockdown; human identity verification mandatory.,Standard historical resolution for ACCOUNT_SECURITY documented in Amazon Help policies.,DELIVERY_TRACKING,ACCOUNT_SECURITY,0.4176,True
GOLD_167,@AmazonHelp I keep getting SMS verification codes from Amazon that I did not trigger. Is someone trying to hack my account?,ACCOUNT_SECURITY,ESCALATE_HUMAN,Suspicious login attempts / potential security breach; human security review advised.,Standard historical resolution for ACCOUNT_SECURITY documented in Amazon Help policies.,DELIVERY_TRACKING,ACCOUNT_SECURITY,0.4246,True
GOLD_168,@AmazonHelp How do I enable 2-step verification for higher account security?,ACCOUNT_SECURITY,AUTO_HANDLE,Security best-practice guide; provide direct link to 2SV settings.,Standard historical resolution for ACCOUNT_SECURITY documented in Amazon Help policies.,DELIVERY_TRACKING,ACCOUNT_SECURITY,0.5446,True
GOLD_169,@AmazonHelp My account has been locked due to 'unusual activity' and I cannot access my digital purchases.,ACCOUNT_SECURITY,ESCALATE_HUMAN,Account suspension / security lockdown; human identity verification mandatory.,Standard historical resolution for ACCOUNT_SECURITY documented in Amazon Help policies.,DELIVERY_TRACKING,ACCOUNT_SECURITY,0.4176,True
GOLD_170,@AmazonHelp I keep getting SMS verification codes from Amazon that I did not trigger. Is someone trying to hack my account?,ACCOUNT_SECURITY,ESCALATE_HUMAN,Suspicious login attempts / potential security breach; human security review advised.,Standard historical resolution for ACCOUNT_SECURITY documented in Amazon Help policies.,DELIVERY_TRACKING,ACCOUNT_SECURITY,0.4246,True
GOLD_171,@AmazonHelp How do I enable 2-step verification for higher account security?,ACCOUNT_SECURITY,AUTO_HANDLE,Security best-practice guide; provide direct link to 2SV settings.,Standard historical resolution for ACCOUNT_SECURITY documented in Amazon Help policies.,DELIVERY_TRACKING,ACCOUNT_SECURITY,0.5446,True
GOLD_172,@AmazonHelp My account has been locked due to 'unusual activity' and I cannot access my digital purchases.,ACCOUNT_SECURITY,ESCALATE_HUMAN,Account suspension / security lockdown; human identity verification mandatory.,Standard historical resolution for ACCOUNT_SECURITY documented in Amazon Help policies.,DELIVERY_TRACKING,ACCOUNT_SECURITY,0.4176,True
GOLD_173,@AmazonHelp I keep getting SMS verification codes from Amazon that I did not trigger. Is someone trying to hack my account?,ACCOUNT_SECURITY,ESCALATE_HUMAN,Suspicious login attempts / potential security breach; human security review advised.,Standard historical resolution for ACCOUNT_SECURITY documented in Amazon Help policies.,DELIVERY_TRACKING,ACCOUNT_SECURITY,0.4246,True
GOLD_174,@AmazonHelp How do I enable 2-step verification for higher account security?,ACCOUNT_SECURITY,AUTO_HANDLE,Security best-practice guide; provide direct link to 2SV settings.,Standard historical resolution for ACCOUNT_SECURITY documented in Amazon Help policies.,DELIVERY_TRACKING,ACCOUNT_SECURITY,0.5446,True
GOLD_175,@AmazonHelp My account has been locked due to 'unusual activity' and I cannot access my digital purchases.,ACCOUNT_SECURITY,ESCALATE_HUMAN,Account suspension / security lockdown; human identity verification mandatory.,Standard historical resolution for ACCOUNT_SECURITY documented in Amazon Help policies.,DELIVERY_TRACKING,ACCOUNT_SECURITY,0.4176,True
GOLD_176,@AmazonHelp I keep getting SMS verification codes from Amazon that I did not trigger. Is someone trying to hack my account?,ACCOUNT_SECURITY,ESCALATE_HUMAN,Suspicious login attempts / potential security breach; human security review advised.,Standard historical resolution for ACCOUNT_SECURITY documented in Amazon Help policies.,DELIVERY_TRACKING,ACCOUNT_SECURITY,0.4246,True
GOLD_177,@AmazonHelp How do I enable 2-step verification for higher account security?,ACCOUNT_SECURITY,AUTO_HANDLE,Security best-practice guide; provide direct link to 2SV settings.,Standard historical resolution for ACCOUNT_SECURITY documented in Amazon Help policies.,DELIVERY_TRACKING,ACCOUNT_SECURITY,0.5446,True
GOLD_178,@AmazonHelp My account has been locked due to 'unusual activity' and I cannot access my digital purchases.,ACCOUNT_SECURITY,ESCALATE_HUMAN,Account suspension / security lockdown; human identity verification mandatory.,Standard historical resolution for ACCOUNT_SECURITY documented in Amazon Help policies.,DELIVERY_TRACKING,ACCOUNT_SECURITY,0.4176,True
GOLD_179,@AmazonHelp I keep getting SMS verification codes from Amazon that I did not trigger. Is someone trying to hack my account?,ACCOUNT_SECURITY,ESCALATE_HUMAN,Suspicious login attempts / potential security breach; human security review advised.,Standard historical resolution for ACCOUNT_SECURITY documented in Amazon Help policies.,DELIVERY_TRACKING,ACCOUNT_SECURITY,0.4246,True
GOLD_180,@AmazonHelp Is the warranty on the Bose headphones international or UK only?,PRODUCT_INQUIRY,AUTO_HANDLE,Warranty policy question; clarify manufacturer international warranty terms.,Standard historical resolution for PRODUCT_INQUIRY documented in Amazon Help policies.,DELIVERY_TRACKING,PRODUCT_INQUIRY,0.1978,True
GOLD_181,@AmazonHelp Does the Kindle Oasis support USB-C fast charging?,PRODUCT_INQUIRY,AUTO_HANDLE,Product specification inquiry; factual hardware spec response.,Standard historical resolution for PRODUCT_INQUIRY documented in Amazon Help policies.,DELIVERY_TRACKING,SUBSCRIPTION_PRIME,0.2546,False
GOLD_182,@AmazonHelp Is the warranty on the Bose headphones international or UK only?,PRODUCT_INQUIRY,AUTO_HANDLE,Warranty policy question; clarify manufacturer international warranty terms.,Standard historical resolution for PRODUCT_INQUIRY documented in Amazon Help policies.,DELIVERY_TRACKING,PRODUCT_INQUIRY,0.1978,True
GOLD_183,@AmazonHelp Does the Kindle Oasis support USB-C fast charging?,PRODUCT_INQUIRY,AUTO_HANDLE,Product specification inquiry; factual hardware spec response.,Standard historical resolution for PRODUCT_INQUIRY documented in Amazon Help policies.,DELIVERY_TRACKING,SUBSCRIPTION_PRIME,0.2546,False
GOLD_184,@AmazonHelp Is the warranty on the Bose headphones international or UK only?,PRODUCT_INQUIRY,AUTO_HANDLE,Warranty policy question; clarify manufacturer international warranty terms.,Standard historical resolution for PRODUCT_INQUIRY documented in Amazon Help policies.,DELIVERY_TRACKING,PRODUCT_INQUIRY,0.1978,True
GOLD_185,@AmazonHelp Does the Kindle Oasis support USB-C fast charging?,PRODUCT_INQUIRY,AUTO_HANDLE,Product specification inquiry; factual hardware spec response.,Standard historical resolution for PRODUCT_INQUIRY documented in Amazon Help policies.,DELIVERY_TRACKING,SUBSCRIPTION_PRIME,0.2546,False
GOLD_186,@AmazonHelp Is the warranty on the Bose headphones international or UK only?,PRODUCT_INQUIRY,AUTO_HANDLE,Warranty policy question; clarify manufacturer international warranty terms.,Standard historical resolution for PRODUCT_INQUIRY documented in Amazon Help policies.,DELIVERY_TRACKING,PRODUCT_INQUIRY,0.1978,True
GOLD_187,@AmazonHelp Does the Kindle Oasis support USB-C fast charging?,PRODUCT_INQUIRY,AUTO_HANDLE,Product specification inquiry; factual hardware spec response.,Standard historical resolution for PRODUCT_INQUIRY documented in Amazon Help policies.,DELIVERY_TRACKING,SUBSCRIPTION_PRIME,0.2546,False
GOLD_188,@AmazonHelp Is the warranty on the Bose headphones international or UK only?,PRODUCT_INQUIRY,AUTO_HANDLE,Warranty policy question; clarify manufacturer international warranty terms.,Standard historical resolution for PRODUCT_INQUIRY documented in Amazon Help policies.,DELIVERY_TRACKING,PRODUCT_INQUIRY,0.1978,True
GOLD_189,@AmazonHelp Does the Kindle Oasis support USB-C fast charging?,PRODUCT_INQUIRY,AUTO_HANDLE,Product specification inquiry; factual hardware spec response.,Standard historical resolution for PRODUCT_INQUIRY documented in Amazon Help policies.,DELIVERY_TRACKING,SUBSCRIPTION_PRIME,0.2546,False
GOLD_190,@AmazonHelp Is the warranty on the Bose headphones international or UK only?,PRODUCT_INQUIRY,AUTO_HANDLE,Warranty policy question; clarify manufacturer international warranty terms.,Standard historical resolution for PRODUCT_INQUIRY documented in Amazon Help policies.,DELIVERY_TRACKING,PRODUCT_INQUIRY,0.1978,True
GOLD_191,@AmazonHelp Does the Kindle Oasis support USB-C fast charging?,PRODUCT_INQUIRY,AUTO_HANDLE,Product specification inquiry; factual hardware spec response.,Standard historical resolution for PRODUCT_INQUIRY documented in Amazon Help policies.,DELIVERY_TRACKING,SUBSCRIPTION_PRIME,0.2546,False
GOLD_192,@AmazonHelp Is the warranty on the Bose headphones international or UK only?,PRODUCT_INQUIRY,AUTO_HANDLE,Warranty policy question; clarify manufacturer international warranty terms.,Standard historical resolution for PRODUCT_INQUIRY documented in Amazon Help policies.,DELIVERY_TRACKING,PRODUCT_INQUIRY,0.1978,True
GOLD_193,"@AmazonHelp Hello team, just checking in to say have a wonderful weekend!",FEEDBACK_CHITCHAT,AUTO_HANDLE,Casual greeting; friendly automated response.,Standard historical resolution for FEEDBACK_CHITCHAT documented in Amazon Help policies.,DELIVERY_TRACKING,FEEDBACK_CHITCHAT,0.1886,True
GOLD_194,"@AmazonHelp Amazon customer service used to be good, now it's terrible. Disappointed.",FEEDBACK_CHITCHAT,AUTO_HANDLE,General feedback; polite apology and offer to assist with specific issues.,Standard historical resolution for FEEDBACK_CHITCHAT documented in Amazon Help policies.,DELIVERY_TRACKING,FEEDBACK_CHITCHAT,0.4624,True
GOLD_195,"@AmazonHelp Hello team, just checking in to say have a wonderful weekend!",FEEDBACK_CHITCHAT,AUTO_HANDLE,Casual greeting; friendly automated response.,Standard historical resolution for FEEDBACK_CHITCHAT documented in Amazon Help policies.,DELIVERY_TRACKING,FEEDBACK_CHITCHAT,0.1886,True
GOLD_196,"@AmazonHelp Amazon customer service used to be good, now it's terrible. Disappointed.",FEEDBACK_CHITCHAT,AUTO_HANDLE,General feedback; polite apology and offer to assist with specific issues.,Standard historical resolution for FEEDBACK_CHITCHAT documented in Amazon Help policies.,DELIVERY_TRACKING,FEEDBACK_CHITCHAT,0.4624,True
GOLD_197,"@AmazonHelp Hello team, just checking in to say have a wonderful weekend!",FEEDBACK_CHITCHAT,AUTO_HANDLE,Casual greeting; friendly automated response.,Standard historical resolution for FEEDBACK_CHITCHAT documented in Amazon Help policies.,DELIVERY_TRACKING,FEEDBACK_CHITCHAT,0.1886,True
GOLD_198,"@AmazonHelp Amazon customer service used to be good, now it's terrible. Disappointed.",FEEDBACK_CHITCHAT,AUTO_HANDLE,General feedback; polite apology and offer to assist with specific issues.,Standard historical resolution for FEEDBACK_CHITCHAT documented in Amazon Help policies.,DELIVERY_TRACKING,FEEDBACK_CHITCHAT,0.4624,True
GOLD_199,"@AmazonHelp Hello team, just checking in to say have a wonderful weekend!",FEEDBACK_CHITCHAT,AUTO_HANDLE,Casual greeting; friendly automated response.,Standard historical resolution for FEEDBACK_CHITCHAT documented in Amazon Help policies.,DELIVERY_TRACKING,FEEDBACK_CHITCHAT,0.1886,True
GOLD_200,"@AmazonHelp Amazon customer service used to be good, now it's terrible. Disappointed.",FEEDBACK_CHITCHAT,AUTO_HANDLE,General feedback; polite apology and offer to assist with specific issues.,Standard historical resolution for FEEDBACK_CHITCHAT documented in Amazon Help policies.,DELIVERY_TRACKING,FEEDBACK_CHITCHAT,0.4624,True
